"","Id","Id.Type"
"1",3961,"cid"
"2",3154001,"cid"
"3",3154002,"cid"
"4",3154004,"cid"
"5",3174396,"cid"
"7",3174452,"cid"
"8",3174462,"cid"
"9",3174464,"cid"
"10",3174465,"cid"
"12",3174471,"cid"
"13",3174508,"cid"
"14",3174845,"cid"
"15",3180447,"cid"
"16",3180625,"cid"
"17",3180628,"cid"
"18",3180630,"cid"
"19",3180638,"cid"
"20",3190357,"cid"
"21",3219557,"cid"
"22",3584805,"cid"
"23",3793945,"cid"
"24",3869344,"cid"
"25",4077749,"cid"
"26",23799680,"cid"
"27",44396301,"cid"
"28",44396322,"cid"
"29",46226252,"cid"
"30",46236457,"cid"
"32",71769183,"cid"
